{"cameraMode":{"drawMode":0,"name":"Shaded","section":"Shading Mode"},"sceneLighting":true,"audioPlay":false,"sceneViewState":{"m_AlwaysRefresh":false,"showFog":true,"showSkybox":true,"showFlares":true,"showImageEffects":true,"showParticleSystems":true,"showVisualEffectGraphs":true,"m_FxEnabled":true},"in2DMode":false,"pivot":{"x":-0.20466327667236329,"y":-0.4032726287841797,"z":0.7475605010986328},"rotation":{"x":-0.08087844401597977,"y":0.8105120658874512,"z":-0.11530163139104843,"w":-0.5685343146324158},"size":5.774974346160889,"orthographic":false}